{
  "RandomForest": {
    "auc_score": 0.9700981285696926,
    "pr_auc_score": 0.8191432588380811,
    "accuracy": 0.9055,
    "foraging_precision": 0.6331168831168831,
    "foraging_recall": 0.9375,
    "foraging_f1": 0.7558139534883721,
    "foraging_probs_mean": 0.8048487809090025,
    "non_foraging_probs_mean": 0.14956901946502957,
    "overall_mean_prob": 0.25179266225028935,
    "actual_foraging_rate": 0.156
  },
  "GradientBoosting": {
    "auc_score": 0.9828059017650991,
    "pr_auc_score": 0.9055369229522465,
    "accuracy": 0.94775,
    "foraging_precision": 0.8278041074249605,
    "foraging_recall": 0.8397435897435898,
    "foraging_f1": 0.8337311058074781,
    "foraging_probs_mean": 0.7446330327773311,
    "non_foraging_probs_mean": 0.0495082743534171,
    "overall_mean_prob": 0.1579477366675477,
    "actual_foraging_rate": 0.156
  },
  "LogisticRegression": {
    "auc_score": 0.9333312446834365,
    "pr_auc_score": 0.7413745972145017,
    "accuracy": 0.913,
    "foraging_precision": 0.7183544303797469,
    "foraging_recall": 0.7275641025641025,
    "foraging_f1": 0.7229299363057324,
    "foraging_probs_mean": 0.6835608315291921,
    "non_foraging_probs_mean": 0.3076028077010336,
    "overall_mean_prob": 0.36625225941822637,
    "actual_foraging_rate": 0.156
  }
}